propiedad,tipo,precio,denominacion,visualizaciones,metros_total,metros_construido,banos,medio_banos,estacionamientos,recamaras,antiguedad,tiempo_de_publicacion,status_desarrollo,ubicacion,url,descripcion,latitud,longitud
Preventa Departamentos Nuevos y Económicos en Tulancingo,Departamento,700000,MXN,74,60,60,1,0,1,2,1,Publicado hace más de 1 año,venta,"Nuevo Tulancingo,  Nuevo Tulancingo, Tulancingo de Bravo",https://www.inmuebles24.com/propiedades/clasificado/veclapin-preventa-departamentos-nuevos-y-economicos-en-90946919.html,"Oportunidad de Departamentos nuevos y económicos en Col. Nuevo Tulancingo; una zona con alta plusvalía, ubicados a un costado de la nueva clinica del IMSS, ideales para una inversión segura, a solo 3 min de la Central de autobuses, Plaza del Vestido la cual es una zona de gran comercio principalmente los días jueves. A 5 minutos de Bodega Aurrera y del centro de la Ciudad, distintas vías de acceso, 15 minutos del famoso balneario de Santa Ana de aguas termales.El fraccionamiento es un complejo de 6 edificios, con barda perimetral, accesos controlados, calles de concreto hidraulico, transporte publico en la entrada principal, pequeña área comercial en el interior del mismo y áreas verdes.Los departamentos cuentan con:2 recámarasSala.Comedor.Cocina.Área de lavado.Área de tendido.1 baño.1 cajon de estacionamiento.PRECIO DE PREVENTA DESDE $700,000Torre 051er. piso (planta baja) $730 mil Baja2do. piso $720,000.003er. piso $710,000.004to. piso $700,000.00Con plan de financiamiento 50% de anticipo y 50% a pagar en 6 meses sin interesesEntrega completamente terminado: Diciembre 2024 - Enero 2025Pregunta por la forma de pago.DISPONIBILIDAD Y PRECIO SUJETO A CAMBIOS Y/O VARIACIONES SIN PREVIO AVISO*El precio no incluye gastos de escrituración, gastos administrativos e impuestos.Horario de atención para citasLunes a viernes: 10:00 a 14:00 y 16:30 a 18:00Sábados: 10:00 a 14:30Domingos: previa citaMayores informes y citas: Ver datosHAY UN LUGAR ESPERANDO SER TU HOGAR",20.100857900000001,-98.360531199999996
"Casa en Venta, Col. La Morena. Tulancingo. Pachuca.",Casa,4300000,MXN,119,160,240,4,1,0,5,8,Publicado hace más de 1 año,venta,"Hortencia ,  La Morena, Tulancingo de Bravo",https://www.inmuebles24.com/propiedades/clasificado/veclcain-casa-en-venta-col.-la-morena.-tulancingo.-pachuca.-91289239.html,"Bonita casa en venta ubicada en la colonia La Morena. Esta es una excelente ubicación en donde podrás encontrar todo tipo de comercio ( cerca a supermercados, restaurantes, farmacias, etc). Además, tienes escuelas de diferentes niveles en la zona, centros medicos, facilidad para tomar transporte, y rápido acceso a diferentes vías publicas que te conectan con la ciudad. La casa cuenta con 240 m2 de área construida, con sus espacios distribuidos de la siguiente manera: - 3 plantas con espacios amplios y bien iluminados. - 5 recamaras ( 1 recámara en planta baja con baño completo y closet 3 recámaras en 2o. Nivel, la recámara principal cuenta con closet y baño amplios con jacuzzi, 2 recámaras comparten baño. Todas las recámaras tienen piso laminado y closets amplioscolor chocolate. En 3er. Nivel tiene 1 recámara de Servicio con baño completo.) - 4 baños completos / 1 medio baño. - 2 espacios de estacionamiento techado con policarbonato. - Cocina integral ( estufa, campana, horno, alacena, barra) - Cuarto de lavado y tendido. - Jardín o área verde. - Cuenta con calentador solar, calentador de gas y cisterna de 8 mil lts. - Puede venderse amueblada (sala y comedor) Excelente oportunidad de compra. Contactanos y agenda tu visita",20.093699877445147,-98.372141251065050
"Casa en Venta Fraccionamiento Pedregal de San Francisco, Tulancingo",Casa,3000000,MXN,66,190,178,3,1,0,3,2019,Publicado hace 289 días,venta,"Privada Rincón del Sol 223,  Fraccionamiento Pedregal de San Francisco, Tulancingo de Bravo",https://www.inmuebles24.com/propiedades/clasificado/veclcain-casa-en-venta-fraccionamiento-pedregal-de-san-142039459.html,"Casa en Venta Fraccionamiento Pedregal de San Francisco, TulancingoDistribución:Planta Baja• Sala • Comedor• Cocina integral con alacena• Area de lavado• Bodega• 1 ½ Baños• Dos solares • Muro lloron y JardinerasPrimer piso.• Recamara principal con balcon, baño y vestidor• Segunda y Tercer recamara con baño y closetsAzotea• Tanque estacionario• Calentador solar• Deposito de aguaCaracterísticas:• m2 Terreno: 190 m2.• m2 Construcción: 178 m2.• Edad: 5 años• Niveles construidos: 2 niveles.• Uso de suelo: Habitacional.• En fraccionamiento residencial con vigilancia 24 hrs y áreas verdes comunes.• Se aceptan pagos con recursos propios y créditos hipotecarios bancarios y de instituciones públicas y privadas (la aprobación de los créditos está sujeto a las políticas de cada institución).",20.064998400000000,-98.402677799999992
"Casas Económicas en Privada, Napateco Tulancingo Hgo.",Casa,799000,MXN,39,91,60,1,0,1,2,2,Publicado hace más de 1 año,venta,",  Napateco, Tulancingo de Bravo",https://www.inmuebles24.com/propiedades/clasificado/veclcain-casas-economicas-en-privada-napateco-tulancingo-hgo.-90883096.html,"NUEVO DESARROLLO, PRIVADAS DE NAPATECO EN TULANCINGO HIDALGO.¡Es la mejor oportunidad para ejercer tu crédito, para desarrollar tus proyectos y/otu patrimonio!Zona ubicada a 15 minutos de la Ciudad de Tulancingo, en una zona tranquila y acogedora para toda la familia. Tendrás la facilidad de servicios como, escuelas cerca desde primaria hasta universidad, farmacias, hospitales, tiendas de autoservicio, gasolineray todo tipo de comercio de primera necesidad.Las casas cuenta con:Sala.Comedor.Cocina con barra.2 recámaras. 1 baño completo.Patio de servicio.Estacionamiento para 1auto.Incluyen:Servicios ocultos.Calles de concreto (20 cm de grosor).Pregunta por la forma de pago.DISPONIBILIDAD Y PRECIO SUJETO A CAMBIOS Y/O VARIACIONES SIN PREVIO AVISO*El precio no incluye gastos de escrituración, gastos administrativos e impuestos.Horario de atención para citasLunes a viernes: 10:00 a 14:00 y 16:30 a 18:00Sábados: 10:00 a 14:30Domingos: previa citaMayores informes y citas: Ver datosHAY UN LUGAR ESPERANDO SER TU HOGAR",20.135448410114790,-98.343429565429701
¡Casa de Ensueño en Tulancingo! Ubicación Premium y Precio Inigualable,Casa,1195000,MXN,91,67,95,2,1,1,2,0,Publicado hace más de 1 año,venta,"Rancho Nuevo,  Fraccionamiento Valle Verde, Tulancingo de Bravo",https://www.inmuebles24.com/propiedades/clasificado/veclcain--casa-de-ensueno-en-tulancingo!-ubicacion-premium-y-52435947.html,"¡Atención! La casa de tus sueños te espera en la Ciudad de Tulancingo Hidalgo, y no encontrarás otra igual en esta ubicación ni con este precio increíble. Este es el hogar perfecto para quienes valoran la calidad de vida y la comodidad. Ubicación Premium: Ubicada en una de las zonas con mayor plusvalía de Tulancingo, un área residencial de nivel medio-alto, libre de comercio informal y con todos los servicios a tu alcance. A solo 5 minutos de Plaza Patio Tulancingo, donde encontrarás tiendas de autoservicio, restaurantes, bancos, gimnasios, cines y un club deportivo. Además, con salidas rápidas a CDMX, Pachuca, Tuxpan y Poza Rica, tendrás una conectividad excepcional. Diseño Ideal: Esta casa está pensada para quienes buscan la comodidad sin las complicaciones de una vivienda de gran tamaño. Cada rincón ha sido diseñado para tu bienestar y el de tu familia. Disfruta de una sala-comedor iluminada y ventilada, integrada a una cocina funcional. En la planta alta, dos acogedoras habitaciones con espacio para clósets comparten un baño completo. Privacidad y Seguridad: Cada casa es totalmente independiente, sin muros compartidos, asegurando tu privacidad. Además, cuenta con un portón de acceso para tu tranquilidad. Facilidades de Pago: No te preocupes por la forma de pago. Aceptamos pagos de contado y todos los créditos hipotecarios: INFONAVIT, FOVISSSTE, ISSFAM y Bancarios. Nos encargamos de todo el trámite para que tú solo te enfoques en disfrutar de tu nuevo hogar. Confía en los Expertos: Somos expertos inmobiliarios dedicados a hacer realidad tu sueño de tener la casa perfecta. No dejes pasar esta oportunidad única. Contáctanos y asegura hoy mismo tu nueva vivienda. ¡Haz de esta casa tu hogar y vive la vida que siempre has soñado!",20.077665615450830,-98.391734231738250
Un Paraíso con Piscina en Privada Arboledas: Vive La Grandeza de Tu Hogar de Placer y Descanso,Casa,1695000,MXN,75,105,114,2,0,0,3,0,Publicado hace más de 1 año,venta,"Privada Arboledas,  Fraccionamiento Valle Verde, Tulancingo de Bravo",https://www.inmuebles24.com/propiedades/clasificado/veclcain-un-paraiso-con-piscina-en-privada-arboledas:-vive-la-90349600.html,"¡Descubre tu hogar ideal en Privada Arboledas! La mejor ubicación en Tulancingo te espera junto a todas las comodidades que mereces. ¿Listo para vivir en el lugar que siempre soñaste? Privada Arboledas te ofrece una ubicación envidiable, a solo minutos de restaurantes, bancos, gimnasios y tiendas departamentales. ¡Todo lo que necesitas estará a tu alcance! En Privada Arboledas, el entretenimiento y la diversión están garantizados. Disfruta de amenidades de primera, como juegos infantiles, parque canino, gimnasio al aire libre y trota pista. Y lo mejor está por venir: ¡nuestras amenidades exclusivas! Un área verde para relajarte, zona de asador con baños para tus reuniones, fogatero para momentos especiales y próximamente una piscina cubierta para disfrutar en familia durante todo el año. Tu comodidad es nuestra prioridad. Tu nueva casa está frente a un espacioso y relajante espacio verde. Las dos amplias habitaciones en planta alta, con su propio espacio para el vestidor, te brindarán un ambiente acogedor. ¿Necesitas un espacio extra? La habitación en planta baja es perfecta para trabajar, estudiar en línea o recibir a tus seres queridos. ¡Aprovecha al máximo cada rincón de tu nuevo hogar! No esperes más, esta es la oportunidad que estabas esperando. Agenda tu visita y déjate sorprender por todo lo que Privada Arboledas tiene para ti. Te aseguramos que te enamorarás al instante de este lugar lleno de comodidades y diversión. ¡Te esperamos con los brazos abiertos!",20.077205244610205,-98.391459874560540
"Casa Exclusiva en Tulancingo: Privada, Áreas Verdes y Cerca de Todo",Casa,2400000,MXN,67,119,154,3,1,0,4,0,Publicado hace más de 1 año,venta,"Rancho nuevo,  Fraccionamiento Valle Sol, Tulancingo de Bravo",https://www.inmuebles24.com/propiedades/clasificado/veclcain-casa-exclusiva-en-tulancingo:-privada-areas-verdes-y-51975969.html,"Descubre la comodidad y el lujo en esta casa ubicada en una exclusiva privada con acceso automatizado. Esta propiedad no solo ofrece seguridad y privacidad, sino también un ambiente familiar perfecto, con juegos infantiles, áreas verdes y zona de asadores para disfrutar de momentos inolvidables en compañía de sus seres queridos. Imagina vivir a menos de 5 minutos de Plaza Patio Tulancingo, donde encontrarás todo lo que necesitas al alcance de tu mano: tiendas, restaurantes, entretenimiento y servicios. Esta ubicación privilegiada te permite disfrutar de la comodidad y el dinamismo de la ciudad, sin renunciar a la tranquilidad de tu hogar. La casa está distribuida de la siguiente manera: Planta Baja: Garage para 2 autos: Olvídate de los problemas de estacionamiento y disfruta de la comodidad de tener tus vehículos protegidos. Sala y comedor: Espacios amplios y acogedores, ideales para relajarte y recibir a tus invitados. Cocina: Diseñada para inspirar tus mejores creaciones culinarias. Baño de visitas: Práctico y funcional para tus invitados. Área de servicio: Todo lo que necesitas al alcance de tu mano. Patio interior: Un espacio perfecto para momentos de tranquilidad al aire libre. Espacio flex con baño completo: Personaliza este versátil espacio según tus necesidades: una recámara adicional, estudio, o sala de TV. Planta Alta: 2 recámaras secundarias: Amplias y luminosas, con espacio para clóset y un baño completo compartido. Recámara principal: Un verdadero santuario personal, con espacio para vestidor y un baño completo privado, brindándote el confort y la privacidad que mereces. Esta casa no es solo una propiedad, es una inversión en tu calidad de vida. Con un diseño pensado para ofrecerte comodidad y funcionalidad, y una ubicación inmejorable, esta es la oportunidad que has estado esperando. No dejes pasar esta oportunidad única de vivir en el lugar de tus sueños. ¡Contáctanos hoy mismo y agenda una visita para descubrir todo lo que esta casa tiene para ofrecerte! ¡Tu nuevo hogar te espera en Tulancingo!",20.080768966757170,-98.391054543377660
Una Inversión Inteligente en La Morena,Casa,2900000,MXN,62,154,120,2,1,0,3,5,Publicado hace 314 días,venta,"Circuito San Daniel,  Fraccionamiento La Morena, Tulancingo de Bravo",https://www.inmuebles24.com/propiedades/clasificado/veclcain-una-inversion-inteligente-en-la-morena-141908821.html,"¡Bienvenido al hogar de tus sueños en la prestigiosa zona de La Morena! Esta casa única de dos niveles se encuentra una ubicación privilegiada que ofrece comodidades excepcionales y en Privada acceso automatizado para tu tranquilidad. Imagina vivir en una de las áreas de mayor plusvalía de la Ciudad, rodeado de todo lo que necesitas. Esta casa está estratégicamente ubicada cerca de escuelas, hospitales, restaurantes, zonas comerciales y el encantador Centro Histórico de la Ciudad, ""La Floresta"". Además, su proximidad a vías rápidas y la salida hacia destinos clave como CDMX, Pachuca, Huasca y Tuxpan facilitan tu movilidad. La distribución cuidadosamente planificada de esta casa garantiza un estilo de vida cómodo y funcional. En la planta baja, te recibirá un garaje cerrado para dos autos, seguido de un vestíbulo que da paso a una sala luminosa y un comedor. El baño de visitas añade un toque de conveniencia, mientras que la cocina, equipada con una amplia alacena, te invita a deleitar tus sentidos. Disfruta del aire fresco en el patio de servicio y el hermoso jardín que complementa la casa. Sube al segundo nivel, donde un vestíbulo te guía hacia dos recámaras secundarias, compartiendo un baño completo. La recámara principal, un verdadero refugio privado, cuenta con terraza, un vestidor y baño completo para tu comodidad y privacidad. Esta casa viene equipada con todo lo que necesitas para vivir de manera práctica y lujosa. Disfruta de la tranquilidad que brinda la cisterna, la funcionalidad de la cocina integral, la conveniencia de una amplia alacena y el confort del calentador de paso para tres servicios. Los clósets en todas las recámaras ofrecen un amplio espacio de almacenamiento, mientras que el doble lavabo en la recámara principal agrega un toque de elegancia. Los canceles en los baños de la planta alta, el tinaco y el tanque estacionario son solo algunas de las características que hacen de esta casa un hogar completo. No dejes pasar la oportunidad de ser dueño de esta residencia única en su clase. ¡Contáctanos ahora para programar una visita y descubrir cómo esta casa puede convertirse en tu refugio perfecto en Tulancingo! Vive la vida que mereces en ""La Morena"".",20.091483187159177,-98.375842699505600
Casa Residencial en Tulancingo,Casa,2250000,MXN,38,119,150,3,0,0,4,0,Publicado hace más de 1 año,venta,Conoce los alrededores del inmueble,https://www.inmuebles24.com/propiedades/clasificado/veclcain-casa-residencial-en-tulancingo-77815246.html,"FRACCIONAMIENTO RANCHO NUEVOEs una zona inigualable, a unos pasos de mega comercial mexicana, plaza patio (centros comerciales, bancos, pizzería, cine, centros de reunión) a 10 minutos del centro de la ciudad.La Privada cuenta con áreas de recreación, asadores, juegos infantiles y caseta de vigilancia. ?Casa de 2 niveles que cuenta con:Planta baja: Garaje para un carro. Sala. Comedor-cocina. Cuarto de servicios. Estudio o recámara para las visitas. Baño completo. Jardín posterior. Planta alta: 2 recámaras secundarias. 1 baño completo compartido para recámaras secundarias. Vestíbulo. Recámara principal con vestidor y baño completo. Pregunta por la forma de pago.PRECIO SUJETO A CAMBIOS Y/O VARIACIONES SIN PREVIO AVISO*El precio publicado corresponde a la propiedad, NO incluye gastos de escrituración u otros conceptos. Horario de atenciónLunes a viernes: 10:00 a 14:00 y 17:00 a 19:00Sábados: 10:00 a 14:00Domingos: previa citaMayores informes y citas: 7Ver datos // Ver datos // Ver datos // Ver datos""HAY UN LUGAR ESPERANDO SER TU HOGAR""",0,0
Casa Nueva Modelo Ambar en Fraccionamiento Residencial Tulancingo,Casa,1157000,MXN,44,81,81,2,0,1,3,3,Publicado hace 67 días,venta,",  Fraccionamiento Valle Verde, Tulancingo de Bravo",https://www.inmuebles24.com/propiedades/clasificado/veclcain-casa-nueva-modelo-ambar-en-fraccionamiento-residencial-144121853.html,"Fracc. Residencial Rancho Santa clara se encuentra en Valle Verde, la cual es una zona inigualable, a unos pasos de mega comercial mexicana, plaza patio (centros comerciales, bancos, pizzería, cine, centros de reunión),y a 10 minutos del centro de la ciudad.El Fraccionamiento te ofrece una casa de dos niveles moderna, amplia y familiar con las siguientes características:-Planta baja:SalaCocinaComedor1 Recámara1 BañoEstacionamientoPatio de servicioÁrea de guardadoJardín-Planta Alta:Pasillo2 Recámaras1 BañoPregunta por la forma de pago.DISPONIBILIDAD Y PRECIO SUJETO A CAMBIOS Y/O VARIACIONES SIN PREVIO AVISO*El precio no incluye gastos de escrituración, gastos administrativos e impuestos.Horario de atención para citasLunes a viernes: 10:00 a 14:00 y 16:30 a 18:00Sábados: 10:00 a 14:30Domingos: previa citaMayores informes y citas: Ver datosHAY UN LUGAR ESPERANDO SER TU HOGAR",20.090480199999998,-98.369092199999997
Casa Tipo Cabaña Amueblada y Equipada en Venta Fracc Pedregal de San Francisco,Casa,3950000,MXN,51,190,113,1,1,0,2,2022,Publicado hace 252 días,venta,"Privada Rincón del Sol 223 Cabaña A,  Fraccionamiento Pedregal de San Francisco, Tulancingo de Bravo",https://www.inmuebles24.com/propiedades/clasificado/veclcain-casa-tipo-cabana-amueblada-y-equipada-en-venta-fracc-142385749.html,Casa tipo Cabaña completamente amueblada y equipada en Venta Fraccionamiento Pedregal de San FranciscoDistribución:Planta Baja• Sala • Comedor con chimenea• Cocineta• 1/2 baño• Garage para 10 autos• Jardín • BodegaPrimer piso.• 2 Recamaras con Balcón• Baño completoCaracterísticas:• m2 Terreno: 190 m2.• m2 Construcción: 113 m2.• Edad: 3 años• Niveles construidos: 2 niveles.• Uso de suelo: Habitacional.• En fraccionamiento residencial con vigilancia 24 hrs y áreas verdes comunes.,20.064998400000000,-98.402677799999992
Casa en Venta Tulancingo Hidalgo,Casa,2300000,MXN,49,141,143,2,1,1,3,10,Publicado hace 104 días,venta,"PRESIDENTE MAZARIK 126,  La Morena, Tulancingo de Bravo",https://www.inmuebles24.com/propiedades/clasificado/veclcain-casa-en-venta-tulancingo-hidalgo-143807671.html,AMPLIA CASA EN VENTA Son tres recámaras Principal con baño completo y balcón Segunda y tercera recámara comparten baño completo . Segunda recámara con balcon Área de sala comedor Cocina integral equipada Estudio Medio baño de visitas . Dos estacionamientos Área de Lavado . Acceso automatizado. Documentación lista para escriturar . Si no cuentas con un crédito te tramitamos uno .,20.097833900000000,-98.371843200000000
"Casa en Fraccionamiento Cerrado, Cima Dorada Tulancingo",Casa,950000,MXN,43,105,77,1,0,1,2,2,Publicado hace 285 días,venta,",  Tulancingo de Bravo, Hidalgo",https://www.inmuebles24.com/propiedades/clasificado/veclcain-casa-en-fraccionamiento-cerrado-cima-dorada-142131581.html,"El fraccionamiento Cima Dorada cuenta con 2 acceso con caseta de vigilancia, pista para caminatas, área de asadores, cancha de basquetbol y área de juegos para niños.Ubicado a tan solo 5 minutos del centro de la cuidad,a un costado de la zona Arqueológica de Huapalcalco, muy cerca de clínicas médicas, hospitales, escuelas, establecimientos comerciales, central de autobuses, transporte público a una cuadra.La casa cuenta con:Sala-comedor.Cocina con tarja.1 baño completo.2 recámaras amplias.Patio de servicio.Cochera para 1 vehículos.Jardín interior artificial con acceso por sala comedor.AMENIDADES:Cisterna de 3,300 litrosTanque estacionario.Calentador de gas.Tinaco de 1,100 litros.Bomba de agua.Luminarias LED.*TAMBIEN CONTAMOS CON ELMODELO DETRES RECAMARAS POR ELCOSTO DE $980 MIL*Pregunta por la forma de pago.DISPONIBILIDAD Y PRECIO SUJETO A CAMBIOS Y/O VARIACIONES SIN PREVIO AVISO*El precio no incluye gastos de escrituración, gastos administrativos e impuestos.Horario de atención para citasLunes a viernes: 10:00 a 14:00 y 16:30 a 18:00Sábados: 10:00 a 14:30Domingos: previa citaMayores informes y citas: Ver datosHAY UN LUGAR ESPERANDO SER TU HOGAR",20.110183020892357,-98.359737396240248
Cabaña en Venta en Tepalzingo Hidalgo,Casa,2500000,MXN,36,4600,180,2,1,0,2,9,Publicado hace más de 1 año,venta,"Carr. Tulancingo-Huachinango,  Barrio Tepalzingo, Tulancingo de Bravo",https://www.inmuebles24.com/propiedades/clasificado/veclcain-cabana-en-venta-en-tepalzingo-hidalgo-90270591.html,"$2,500,000 VENTA 4,600 m2 de terreno 180m2 de construcción 2 recamaras con baño 2 baños Chimenea Cocina integral Espacio para sala Comedor Cuenta con servicio de agua y luz 1 tinaco de 5,000lts 1 tinaco de 1,000lts Se encuentra a frente a crucero de Pahuatlán y a 15 min de un balneario y de Acaxochitlan",20.140496100000000,-98.207573100000000
Casa Nueva en Fracc Toledo Tulancingo,Casa,1060000,MXN,56,105,71,1,0,1,2,2,Publicado hace 48 días,venta,",  Rojo Gómez, Tulancingo de Bravo",https://www.inmuebles24.com/propiedades/clasificado/veclcain-casa-nueva-en-fracc-toledo-tulancingo-144277663.html,"La casa se encuentra en Fracc. Toledoubicadoa 15 minutos de la Ciudad de Tulancingo, en una zona tranquila y acogedora para toda la familia, cuenta con todos los servicios (agua, luz, drenaje)Tendrás la facilidad de encontrar escuelas cercanas, tiendas de autoservicio, tienda3B, tiendas para articulos del hogar, transporte publico y zonas de areas verdes.La casa de un nivel cuenta con:Sala.Comedor.Cocina2 recámaras. 1 baño completo.Patio de servicio.Estacionamiento para 1auto.Pregunta por la forma de pago.DISPONIBILIDAD Y PRECIO SUJETO A CAMBIOS Y/O VARIACIONES SIN PREVIO AVISO*El precio no incluye gastos de escrituración, gastos administrativos e impuestos.Horario de atención para citasLunes a viernes: 10:00 a 14:00 y 16:30 a 18:00Sábados: 10:00 a 14:30Domingos: previa citaMayores informes y citas: Ver datosHAY UN LUGAR ESPERANDO SER TU HOGAR",20.090480199999998,-98.369092199999997
"Casa en Venta en Fraccionamiento Pedregal de San Francisco, Tulancingo, Hidalgo",Casa,7700000,MXN,,343,405,2,2,0,3,17,Publicado desde ayer,venta,"Blvd Pedregal de San Francisco 623  , Pedregal de San Francisco , 43673 Tulancingo de Bravo, Hidalgo, México,  Fraccionamiento Pedregal de San Francisco, Tulancingo de Bravo",https://www.inmuebles24.com/propiedades/clasificado/veclcain-casa-en-venta-en-fraccionamiento-pedregal-de-san-144670357.html,"Ref: 2 2 3 1 9 3Bienvenidos a esta increíble oportunidad de adquirir una casa en venta en Pedregal de San Francisco, en Tulancingo de Bravo, Hidalgo. Esta espaciosa propiedad cuenta con 3 recamaras, 2 baños completos, 2 medio baños y una construcción de 405 m2. Además, cuenta con comodidades como estacionamiento para visitas, bodega, área de lavandería, jardín, cuarto de servicio, sala de estar, cocina equipada, cuarto de TV, sala y comedor, y su propio salón de eventosPedregal de San Francisco es una zona tranquila y segura, con acceso restringido, seguridad las 24 horas y hermosas calles, perfecta para familias que buscan un ambiente residencial. Con una ubicación privilegiada y acceso inmediato a vías rápidas, este fraccionamiento permite trasladarse a cualquier punto de la ciudad facilitando la movilidad.No pierdas la oportunidad de vivir en esta maravillosa casa en una de las mejores zonas de Tulancingo de Bravo, ¡contáctanos para más información!",20.066180099999968,-98.401612299999996
"Casa en Privada Residencial, Mod Lugo; Tulancingo Hgo",Casa,2400000,MXN,16.0,119,154,3,0,0,4,4,Publicado hace más de 1 año,venta,"RANCHO NUEVO,  Tulancingo de Bravo, Hidalgo",https://www.inmuebles24.com/propiedades/clasificado/veclcain-casa-en-privada-residencial-mod-lugo--tulancingo-hgo-55562136.html,"FRACCIONAMIENTO RANCHO NUEVOEs una zona inigualable, a unos pasos de mega comercial mexicana, plaza patio (centros comerciales, bancos, pizzería, cine, centros de reunión) a 10 minutos del centro de la ciudad.La Privada cuenta con áreas de recreación, asadores, juegos infantiles y caseta de vigilancia.Casa de 2 niveles que cuenta con:Planta baja:Garaje para un carro.Sala.Comedor-cocina.Cuarto de servicios.Estudio o recámara para las visitas.Baño completo.Jardín posterior. Planta alta: 2 recámaras secundarias.1 baño completo compartido para recámaras secundarias.Vestíbulo.Recámara principal con vestidor y baño completo.Precios de venta desde $2400,000Se aceptan créditos hipotecarios, trámite SIN COSTODISPONIBILIDAD Y PRECIO SUJETO A CAMBIOS Y/O VARIACIONES SIN PREVIO AVISO*El precio no incluye gastos de escrituración, gastos administrativos e impuestos.Horario de atención para citasLunes a viernes: 10:00 a 14:00 y 16:30 a 18:00Sábados: 10:00 a 14:30Domingos: previa citaMayores informes y citas: Ver datosHAY UN LUGAR ESPERANDO SER TU HOGAR",20.076993333571490,-98.387567996978773
"Casa Centrica en Tulancingo Hidalgo, Col. La Morena",Casa,3800000,MXN,19.0,210,160,2,1,0,3,1,Publicado hace 18 días,venta,",  La Morena, Tulancingo de Bravo",https://www.inmuebles24.com/propiedades/clasificado/veclcain-casa-centrica-en-tulancingo-hidalgo-col.-la-morena-144527179.html,"La Morena es una zona con excelente plusvalía se ubicaa 3 minutos de la central de abastos ya solo 5 minutosdel centro de Tulancingo, de la central de autobuses, y de Bodega Aurrera.Tiene acceso a la carretera Tulancingo-Pachuca.La zona cuenta con todos los servicios y encontrarása tu alcance para las necesidades básicas de tu hogartiendas locales, tiendas de auto-servicio, panaderías, restaurantes, lavanderías, Oxxo y transporte publico.La casa de dos niveles se encuentra distribuida en:-1er nivel:Cocina integral con islaComedorSalaDespacho1/2 BañoCuarto de servicioTerraza trasera-2donivel:Recámara principal con baño completo y area devestidor1 Recámara con un cuarto para vestidor1 Recámara con espacio para closet1 baño completo-Amenidades:Cubo de iluminacionCisternaPregunta por la forma de pago.DISPONIBILIDAD Y PRECIO SUJETO A CAMBIOS Y/O VARIACIONES SIN PREVIO AVISO*El precio no incluye gastos de escrituración, gastos administrativos e impuestos.Horario de atención para citasLunes a viernes: 10:00 a 14:00 y 16:30 a 18:00Sábados: 10:00 a 14:30Domingos: previa citaMayores informes y citas: Ver datosHAY UN LUGAR ESPERANDO SER TU HOGAR",20.090480199999998,-98.369092199999997
"Casa Residencial Equipada en Tulancingo, Pedregal de San Francisco",Casa,3850000,MXN,30,158,320,4,0,0,4,4,Publicado hace 25 días,venta,",  Tulancingo de Bravo, Hidalgo",https://www.inmuebles24.com/propiedades/clasificado/veclcain-casa-residencial-equipada-en-tulancingo-pedregal-de-144495426.html,"El Fraccionamiento Residencial Pedregal de San Francisco ubicado en Tulancingo Hidalgo, es una de las zonas más exclusivas de la ciudad, reconocida por su alta plusvalía y seguridad.Este fraccionamiento cuenta con:Áreas verdesVigilancia 24 horasControl de acceso mediante tarjetas de proximidadBardas perimetrales y personal que regula la entrada de visitantesEstogarantiza un alto nivel de privacidad y tranquilidad para los residentes.Y alado se encuentra un club deportivo, lo que brinda un estilo de vida activo sin la necesidad de desplazarse largas distancias.El complejo está bien ubicado, a solo 8 minutos de Plaza Patio Tulancingo, donde se encuentran servicios como supermercados, bancos y restaurantes.También está cerca de escuelas de calidad, como el Colegio Tollantzingo y el Colegio Pedro de Gante, lo que lo convierte en un lugar ideal para familias.Se encuentraaproximadamente a 12 minutos del centro de Tulancingo, proporcionando fácil acceso a los servicios delcentrourbano.La casase distribuye en:-1er nivel:CocinaComedorSalaRecámara / estudioBaño completoUn pequeño jardínPatio de servicioCochera para 2 autos-2donivel:Sala de TVRecámara principal con baño completo, vestidor y terraza.2 recámaras1 baño completo-3cer nivel:Roof GardenCuarto de lavadoBaño completo-Amenidades:Cimientos de piedraMuros de tabique rojo recocidoLosas macizasPregunta por la forma de pago.DISPONIBILIDAD Y PRECIO SUJETO A CAMBIOS Y/O VARIACIONES SIN PREVIO AVISO*El precio no incluye gastos de escrituración, gastos administrativos e impuestos.Horario de atención para citasLunes a viernes: 10:00 a 14:00 y 16:30 a 18:00Sábados: 10:00 a 14:30Domingos: previa citaMayores informes y citas: Ver datosHAY UN LUGAR ESPERANDO SER TU HOGAR",20.090480199999998,-98.369092199999997
Casa con 3 Recámaras y 121 m de Terreno en Fracc. Magisterio 2,Casa,1995000,MXN,67,121,175,3,0,1,3,3,Publicado hace 220 días,venta,",  Tulancingo de Bravo, Hidalgo",https://www.inmuebles24.com/propiedades/clasificado/veclcain-casa-con-3-recamaras-y-121-m-de-terreno-en-fracc.-142787831.html,"La zona es tranquila, con acceso a todos los servicios, transporte público, cerca de escuelas públicas y privadas, a 10 min del centro de Tulancingo, a pocos metros de la carretera federal y autopista México-Tuxpan y Pachuca-Tulancingo.La casa de 2 niveles cuenta con:PLANTA BAJACocina con tarja.1 medio baño.Sala.Comedor.Cochera para 2autos.Estudio.Patio de servicio.PLANTA ALTA3 recámaras.1 baño completo.Área de lavado.Roof garden.AMENIDADESCisterna de 5,000 litros.Reja.Calentador solar.Pregunta por la forma de pago.DISPONIBILIDAD Y PRECIO SUJETO A CAMBIOS Y/O VARIACIONES SIN PREVIO AVISO*El precio no incluye gastos de escrituración, gastos administrativos e impuestos.Horario de atención para citasLunes a viernes: 10:00 a 14:00 y 16:30 a 18:00Sábados: 10:00 a 14:30Domingos: previa citaMayores informes y citas: Ver datosHAY UN LUGAR ESPERANDO SER TU HOGAR",20.064759538603514,-98.406558036804213
Excelente Casa en Preventa en San Andres Tulancingo,Casa,2150000,MXN,28,150,154,2,1,1,3,1,Publicado hace 55 días,venta,",  Tulancingo de Bravo, Hidalgo",https://www.inmuebles24.com/propiedades/clasificado/veclcain-excelente-casa-en-preventa-en-san-andres-tulancingo-144232046.html,"La casa en preventa se encuentra ubicada en la colonia San Andres, cuenta con todos los servicios de luz, agua, drenaje, cable, internet;es un lugar tranquilo para estar con tu familia. Cuenta con tiendas de autoservicio, parques, estancia infantil, farmaciay restaurante.-Planta baja:ComedorCocinaSala1/2 BañoEscalerasEstacionamiento-Planta Alta3 RecamarasPasillo1 Baño Compartido1 Baño Principal-Amenidades:Patio CentralCuarto de LavadoTerrazaJardínPregunta por la forma de pago.DISPONIBILIDAD Y PRECIO SUJETO A CAMBIOS Y/O VARIACIONES SIN PREVIO AVISO*El precio no incluye gastos de escrituración, gastos administrativos e impuestos.Horario de atención para citasLunes a viernes: 10:00 a 14:00 y 16:30 a 18:00Sábados: 10:00 a 14:30Domingos: previa citaMayores informes y citas: Ver datosHAY UN LUGAR ESPERANDO SER TU HOGAR",20.090480199999998,-98.369092199999997
Casa Economica Nueva Indigo en Fraccionamiento Residencial Tulancingo,Casa,945000,MXN,26,66,66,1,0,1,2,2,Publicado hace 67 días,venta,",  Fraccionamiento Valle Verde, Tulancingo de Bravo",https://www.inmuebles24.com/propiedades/clasificado/veclcain-casa-economica-nueva-indigo-en-fraccionamiento-144121884.html,"Fracc. Residencial Rancho Santa clara se encuentra en Valle Verdel, la cual es una zona inigualable, a unos pasos de mega comercial mexicana, plaza patio (centros comerciales, bancos, pizzería, cine, centros de reunión),y a 10 minutos del centro de la ciudad.El Fraccionamiento te ofrece una casa de dos niveles exclusiva, lujosa yamplia con las siguientes características:-Planta baja:CocinaSalaComedorMedio bañoEstacionamientoPatio de servicioÁrea de guardado y jardín-Planta alta:Pasillo2 Recámaras1 BañoPregunta por la forma de pago.DISPONIBILIDAD Y PRECIO SUJETO A CAMBIOS Y/O VARIACIONES SIN PREVIO AVISO*El precio no incluye gastos de escrituración, gastos administrativos e impuestos.Horario de atención para citasLunes a viernes: 10:00 a 14:00 y 16:30 a 18:00Sábados: 10:00 a 14:30Domingos: previa citaMayores informes y citas: Ver datosHAY UN LUGAR ESPERANDO SER TU HOGAR",20.090480199999998,-98.369092199999997
"Proyecto de Casa en Privada Residencial, Tulancingo Hidalgo",Casa,2650000,MXN,16,202,135,2,0,0,3,0,Publicado hace más de 1 año,venta,"TERRANOVA,  La Cañada, Tulancingo de Bravo",https://www.inmuebles24.com/propiedades/clasificado/veclcain-proyecto-de-casa-en-privada-residencial-tulancingo-80150401.html,"PROYECTO DE CASA Residencial Terranova es una zona con excelente plusvalía, gracias a su ubicación tiene cerca bancos, escuelas, central de autobuses, hospitales, avenidas importantes de Tulancingo y esta cerca de la Plaza del Vestido.Al ser un proyecto de casa en construcción, se tiene la ventaja de supervisar la obra; asi como de elegir colores de pisos, azulejos, puertas, cocina; asi como si se desea hacer alguna adecuación personal. La casa cuenta con: 3 recámaras. Recámara principal con baño. Sala-comedor. Cocina integral con barra desayunador. Jardín interior. Cuarto de lavado. Garaje 2 autos. Cisterna de 8,500 lts. Roof garden iluminado con asador. PRECIO SUJETO A CAMBIOS Y/O VARIACIONES SIN PREVIO AVISO*El precio publicado corresponde a la propiedad, NO incluye gastos de escrituración u otros conceptos. *Todas las imágenes mostradas son solo para fines ilustrativos y pueden NO ser la representación exacta del inmueble. Horario de atenciónLunes a viernes: 10:00 a 14:00 y 17:00 a 19:00Sábados: 10:00 a 14:00Domingos: previa citaMayores informes y citas: 7Ver datos // Ver datos // Ver datos // Ver datos""HAY UN LUGAR ESPERANDO SER TU HOGAR""",20.105502141908190,-98.347847635937500
"Casa Nueva en Privada San Daniel, Tulancingo Hidalgo",Casa,1150000,MXN,25.0,105,62,1,0,1,2,3,Publicado hace 216 días,venta,",  Fraccionamiento Privada san Daniel, Tulancingo de Bravo",https://www.inmuebles24.com/propiedades/clasificado/veclcain-casa-nueva-en-privada-san-daniel-tulancingo-hidalgo-142803252.html,"CASA EN PRIVADA SAN DANIELCasa ubicada en Privada San Daniel muy cerca de la Unidad Deportiva, excelente ubicación a 10 min del centro de Tulancingo y a 5 min de la central de abastos.La zona cuenta con escuelas públicas y privadas (de educación básica, media, media superior y superior), parques cerca, gasolineras, tiendas de auto servicio, etc...La casa cuenta con:2 recámaras.Sala.Comedor.Cocina.1 baño.Área de lavado.Cochera para un vehículo.Cisterna.Construccion nueva.Pregunta por la forma de pago.DISPONIBILIDAD Y PRECIO SUJETO A CAMBIOS Y/O VARIACIONES SIN PREVIO AVISO*El precio no incluye gastos de escrituración, gastos administrativos e impuestos.Horario de atención para citasLunes a viernes: 10:00 a 14:00 y 16:30 a 18:00Sábados: 10:00 a 14:30Domingos: previa citaMayores informes y citas: Ver datosHAY UN LUGAR ESPERANDO SER TU HOGAR",20.090345299999999,-98.379709099999999
"Casa Nueva Equipada en Fracc Privado, Tulancingo",Casa,1695000,MXN,,105,120,2,0,0,3,3,Publicado desde ayer,venta,",  Tulancingo de Bravo, Hidalgo",https://www.inmuebles24.com/propiedades/clasificado/veclcain-casa-nueva-equipada-en-fracc-privado-tulancingo-144675241.html,"Fraccionamiento Villas Santa María se encuentraubicado en Tulancingo, Hidalgo. A solo 10 minutos del centro de la ciudad.Por su ubicación cuenta con accesosa CDMX yPachuca, muy cerca dela carretera México-Tuxpan.La zona cuenta con todos los servicios, a sus alrededores podrás encontrar establecimientos de primera necesidad, farmacias, transporte público cercano, escuelas desde nivel básico hasta superior (Universidad Técnológica de Tulancingo).Ideal para familias que comienzan su patrimonio o que buscan un espacio más acogedor, con seguridad y tranquilidad.Planta Baja:- Cocinaintegral- Comedor- Sala con doble altura- Recámaracon closet- Baño completo- Patio de Servicio- Estacionamiento para dos autosPlanta alta:- Recámara principalcon closet- Balcón- Recámara con closet- Baño completoAmenidades:- Jardín- Cisterna de 4000 litrosPregunta por la forma de pago.DISPONIBILIDAD Y PRECIO SUJETO A CAMBIOS Y/O VARIACIONES SIN PREVIO AVISO*El precio no incluye gastos de escrituración, gastos administrativos e impuestos.Horario de atención para citasLunes a viernes: 10:00 a 14:00 y 16:30 a 18:00Sábados: 10:00 a 14:30Domingos: previa citaMayores informes y citas: Ver datosHAY UN LUGAR ESPERANDO SER TU HOGAR",20.090480199999998,-98.369092199999997
"Casa en Privada Arboledas, Col Rancho Nuevo, Tulancingo",Casa,1695000,MXN,27,105,114,2,0,0,3,1,Publicado hace 268 días,venta,",  Tulancingo de Bravo, Hidalgo",https://www.inmuebles24.com/propiedades/clasificado/veclcain-casa-en-privada-arboledas-col-rancho-nuevo-90417069.html,"Casa en Privada Arboledas, Fracc. Rancho Nuevo.Rancho Nuevo es una zona con excelente plusvalía que cuenta con todos los servicios, áreas verdes, zona tranquila y segura para comenzar un patrimonio con tu familia.Está a unos metros de carretera, escuelas públicas, privadas, salones de fiestas, tiendas locales y comerciales (SAMS, VIPS, CINES, OFFICE DEPOT, BANCOS,VETERINARIAS y demás.)Casa de dos plantas con la siguiente distribución:T. 105 m2C. 114 m2Amenidades:Alberca techadaAsadorFogateroCamellón central con área verdePlanta BajaGarageSalaComedorCocinaRecámara / EstudioBaño CompletoPatio posteriorÁrea de servicioPlanta AltaRecámara 1 con vestidor y terrazaRecámara 2 con vestidorBaño completoSe aceptan créditos hipotecarios, trámite SIN COSTODISPONIBILIDAD Y PRECIO SUJETO A CAMBIOS Y/O VARIACIONES SIN PREVIO AVISO*El precio no incluye gastos de escrituración, gastos administrativos e impuestos.Horario de atención para citasLunes a viernes: 10:00 a 14:00 y 16:30 a 18:00Sábados: 10:00 a 14:30Domingos: previa citaMayores informes y citas: Ver datosHAY UN LUGAR ESPERANDO SER TU HOGAR",20.079996211465775,-98.392910957336439
"Casa Nueva en Esquina Napateco, Tulancingo",Casa,1260000,MXN,9,196,156,3,0,1,3,3,Publicado hace 9 días,venta,",  Napateco, Tulancingo de Bravo",https://www.inmuebles24.com/propiedades/clasificado/veclcain-casa-nueva-en-esquina-napateco-tulancingo-144604806.html,"La casa se encuentra en Privadas de Napateco. Esun lugartranquiloy acogedorpara toda la familia.La zona cuenta con todos los servicios y seubicada a 15 minutos de la Ciudad de Tulancingo.Tendrás la facilidad de servicios comoescuelas cerca desde primaria hasta universidad, farmacias, hospitales, tiendas de autoservicio, gasolinera y todo tipo de comercio de primera necesidad.La casa de dos niveles cuenta con:-Planta baja:CocinaComedorSalaBañoPatio de servicioEstacionamiento para un auto-Planta alta:Recamara principal con espacio para vestidor ybaño2 Recamaras1 Baño-Amenidades:Calentador solarTanque estacionarioPregunta por la forma de pago.DISPONIBILIDAD Y PRECIO SUJETO A CAMBIOS Y/O VARIACIONES SIN PREVIO AVISO*El precio no incluye gastos de escrituración, gastos administrativos e impuestos.Horario de atención para citasLunes a viernes: 10:00 a 14:00 y 16:30 a 18:00Sábados: 10:00 a 14:30Domingos: previa citaMayores informes y citas: Ver datosHAY UN LUGAR ESPERANDO SER TU HOGAR",20.090480199999998,-98.369092199999997
"Casa en Privada, Tulancingo de Bravo, Residencial Riva Palacio",Casa,3000000,MXN,28,200,170,3,0,1,2,2,Publicado hace más de 1 año,venta,",  La Escondida, Tulancingo de Bravo",https://www.inmuebles24.com/propiedades/clasificado/veclcain-casa-en-privada-tulancingo-de-bravo-residencial-riva-90742672.html,"Casa Residencial en Privada Riva Palacio, en Col. La Escondida.La colonia La Escondida, se encuentra en la zona centro de la Ciudad de Tulancingo Hidalgo, a escasos 5 minutos del primer cuadro de la ciudad, ubicada en una zona tranquila y segura.La colonia cuenta con escuelas públicas y privadas, muy cerca del Colegio Pedro de Gante, cerca del parque infantil el Caracol, iglesia,a 8 minutos del centro Comercial Plaza Patio Tulancingo, donde podrás encontrar el supermercado, cine, office depot, Coppel, peter pizza, Sams, Vips, etc¦.La casa 1 nivel cuenta con:Sala.Comedor.Cocina.1 medio baño.2 recámaras grandes con vestidor.2 baños completos.Garaje para 1 auto.Cuarto de lavado.Amenidades:Tanque estacionario.Cisterna de 10,000 litros.Zaguán automático.Pregunta por la forma de pago.DISPONIBILIDAD Y PRECIO SUJETO A CAMBIOS Y/O VARIACIONES SIN PREVIO AVISO*El precio no incluye gastos de escrituración, gastos administrativos e impuestos.Horario de atención para citasLunes a viernes: 10:00 a 14:00 y 16:30 a 18:00Sábados: 10:00 a 14:30Domingos: previa citaMayores informes y citas: Ver datosHAY UN LUGAR ESPERANDO SER TU HOGAR",20.079633450748332,-98.378791809082031
"Casa Economica en Napateco, Bienvenidos Créditos Hipotecarios",Casa,740000,MXN,30,92,58,1,0,1,2,2,Publicado hace 208 días,venta,",  Napateco, Tulancingo de Bravo",https://www.inmuebles24.com/propiedades/clasificado/veclcain-casa-economica-en-napateco-bienvenidos-creditos-142891965.html,"Casaen venta en Napateco, Fraccionamiento Los Arcos.La colonia cuenta con todos los servicios, en la zona encontrarás tiendas, establecimientos de comida, farmacias, Oxxo, gasolinera, espacios para realizar ejercicio al aire libre, parque para los pequeños de tu hogar, canchas para practicar algún deporte, guarderías, escuelas de nivel básico, universidad a solo 10 minutos de la colonia. El centro de Tulancingo está a solo 15 minutos de Napateco, cuenta con transporte directo a la colonia.La casa de 1 nivel cuenta con:Sala-comedor.Cocina forrada de azulejo y opción poner barra.1 baño completo forrado de azulejo.2 recámaras.Patio de servicio con protección en techo.Cochera para un auto.Amenidades:Construcción tradicional.Cimentación de piedra, para 2do nivel.Ladrillo.Losa maciza.Boiler instantáneo (ahorro un 40% de gas)Se encuentran en construcción, se entregan completamente terminadas.BIENVENIDOS CRÉDITOS HIPOTECARIOS: INFONAVIT, FOVISSSTE, BANCARIO, CFE, ISSFAM, IMSSDISPONIBILIDAD Y PRECIO SUJETO A CAMBIOS Y/O VARIACIONES SIN PREVIO AVISO*El precio no incluye gastos de escrituración, gastos administrativos e impuestos.Horario de atención para citasLunes a viernes: 10:00 a 14:00 y 16:30 a 18:00Sábados: 10:00 a 14:30Domingos: previa citaMayores informes y citas: Ver datosHAY UN LUGAR ESPERANDO SER TU HOGAR",20.141351138260510,-98.338022232055678
Casa Nueva de 3 Recamaras en San Isidro,Casa,1380000,MXN,65.0,100,130,2,0,1,3,3,Publicado hace 48 días,venta,",  Tulancingo de Bravo, Hidalgo",https://www.inmuebles24.com/propiedades/clasificado/veclcain-casa-nueva-de-3-recamaras-en-san-isidro-144291631.html,"La casa de dos nivelesubicada en San Isidro a solo 16 minutos del centro de Tulancingo y a 8 minutos del centro de Santiago Tulantepec. La colonia cuenta con servicios de luz, agua, drenaje, tiendas de primera necesidad,transporte público.-Planta baja:Cocina concocinetaComedorSala1 recámara1 baño completoPatio de servicioCochera para1 auto-Planta alta:2 Recamaras amplias1 Baño completo-Amenidades:Cisterna de 5mil litros-Se entrega impermializadoPregunta por la forma de pagoDISPONIBILIDAD Y PRECIO SUJETO A CAMBIOS Y/O VARIACIONES SIN PREVIO AVISO*El precio no incluye gastos de escrituración, gastos administrativos e impuestos.Horario de atención para citasLunes a viernes: 10:00 a 14:00 y 16:30 a 18:00Sábados: 10:00 a 14:30Domingos: previa citaMayores informes y citas: Ver datosHAY UN LUGAR ESPERANDO SER TU HOGAR",20.090480199999998,-98.369092199999997
"Casa Nueva Equipada en Fracc Privado, Tulancingo",Casa,1695000,MXN,,105,120,2,0,0,3,3,Publicado desde ayer,venta,",  Tulancingo de Bravo, Hidalgo",https://www.inmuebles24.com/propiedades/clasificado/veclcain-casa-nueva-equipada-en-fracc-privado-tulancingo-144675241.html,"Fraccionamiento Villas Santa María se encuentraubicado en Tulancingo, Hidalgo. A solo 10 minutos del centro de la ciudad.Por su ubicación cuenta con accesosa CDMX yPachuca, muy cerca dela carretera México-Tuxpan.La zona cuenta con todos los servicios, a sus alrededores podrás encontrar establecimientos de primera necesidad, farmacias, transporte público cercano, escuelas desde nivel básico hasta superior (Universidad Técnológica de Tulancingo).Ideal para familias que comienzan su patrimonio o que buscan un espacio más acogedor, con seguridad y tranquilidad.Planta Baja:- Cocinaintegral- Comedor- Sala con doble altura- Recámaracon closet- Baño completo- Patio de Servicio- Estacionamiento para dos autosPlanta alta:- Recámara principalcon closet- Balcón- Recámara con closet- Baño completoAmenidades:- Jardín- Cisterna de 4000 litrosPregunta por la forma de pago.DISPONIBILIDAD Y PRECIO SUJETO A CAMBIOS Y/O VARIACIONES SIN PREVIO AVISO*El precio no incluye gastos de escrituración, gastos administrativos e impuestos.Horario de atención para citasLunes a viernes: 10:00 a 14:00 y 16:30 a 18:00Sábados: 10:00 a 14:30Domingos: previa citaMayores informes y citas: Ver datosHAY UN LUGAR ESPERANDO SER TU HOGAR",20.090480199999998,-98.369092199999997
"Casa en Venta en Fraccionamiento Pedregal de San Francisco, Tulancingo, Hidalgo",Casa,7700000,MXN,,343,405,2,2,0,3,17,Publicado desde ayer,venta,"Blvd Pedregal de San Francisco 623  , Pedregal de San Francisco , 43673 Tulancingo de Bravo, Hidalgo, México,  Fraccionamiento Pedregal de San Francisco, Tulancingo de Bravo",https://www.inmuebles24.com/propiedades/clasificado/veclcain-casa-en-venta-en-fraccionamiento-pedregal-de-san-144670357.html,"Ref: 2 2 3 1 9 3Bienvenidos a esta increíble oportunidad de adquirir una casa en venta en Pedregal de San Francisco, en Tulancingo de Bravo, Hidalgo. Esta espaciosa propiedad cuenta con 3 recamaras, 2 baños completos, 2 medio baños y una construcción de 405 m2. Además, cuenta con comodidades como estacionamiento para visitas, bodega, área de lavandería, jardín, cuarto de servicio, sala de estar, cocina equipada, cuarto de TV, sala y comedor, y su propio salón de eventosPedregal de San Francisco es una zona tranquila y segura, con acceso restringido, seguridad las 24 horas y hermosas calles, perfecta para familias que buscan un ambiente residencial. Con una ubicación privilegiada y acceso inmediato a vías rápidas, este fraccionamiento permite trasladarse a cualquier punto de la ciudad facilitando la movilidad.No pierdas la oportunidad de vivir en esta maravillosa casa en una de las mejores zonas de Tulancingo de Bravo, ¡contáctanos para más información!",20.066180099999968,-98.401612299999996
Casa con 3 Recámaras y 121 m de Terreno en Fracc. Magisterio 2,Casa,1995000,MXN,67.0,121,175,3,0,1,3,3,Publicado hace 220 días,venta,",  Tulancingo de Bravo, Hidalgo",https://www.inmuebles24.com/propiedades/clasificado/veclcain-casa-con-3-recamaras-y-121-m-de-terreno-en-fracc.-142787831.html,"La zona es tranquila, con acceso a todos los servicios, transporte público, cerca de escuelas públicas y privadas, a 10 min del centro de Tulancingo, a pocos metros de la carretera federal y autopista México-Tuxpan y Pachuca-Tulancingo.La casa de 2 niveles cuenta con:PLANTA BAJACocina con tarja.1 medio baño.Sala.Comedor.Cochera para 2autos.Estudio.Patio de servicio.PLANTA ALTA3 recámaras.1 baño completo.Área de lavado.Roof garden.AMENIDADESCisterna de 5,000 litros.Reja.Calentador solar.Pregunta por la forma de pago.DISPONIBILIDAD Y PRECIO SUJETO A CAMBIOS Y/O VARIACIONES SIN PREVIO AVISO*El precio no incluye gastos de escrituración, gastos administrativos e impuestos.Horario de atención para citasLunes a viernes: 10:00 a 14:00 y 16:30 a 18:00Sábados: 10:00 a 14:30Domingos: previa citaMayores informes y citas: Ver datosHAY UN LUGAR ESPERANDO SER TU HOGAR",20.064759538603514,-98.406558036804213
"Casa en Privada Arboledas, Col Rancho Nuevo, Tulancingo",Casa,1695000,MXN,27,105,114,2,0,0,3,1,Publicado hace 268 días,venta,",  Tulancingo de Bravo, Hidalgo",https://www.inmuebles24.com/propiedades/clasificado/veclcain-casa-en-privada-arboledas-col-rancho-nuevo-90417069.html,"Casa en Privada Arboledas, Fracc. Rancho Nuevo.Rancho Nuevo es una zona con excelente plusvalía que cuenta con todos los servicios, áreas verdes, zona tranquila y segura para comenzar un patrimonio con tu familia.Está a unos metros de carretera, escuelas públicas, privadas, salones de fiestas, tiendas locales y comerciales (SAMS, VIPS, CINES, OFFICE DEPOT, BANCOS,VETERINARIAS y demás.)Casa de dos plantas con la siguiente distribución:T. 105 m2C. 114 m2Amenidades:Alberca techadaAsadorFogateroCamellón central con área verdePlanta BajaGarageSalaComedorCocinaRecámara / EstudioBaño CompletoPatio posteriorÁrea de servicioPlanta AltaRecámara 1 con vestidor y terrazaRecámara 2 con vestidorBaño completoSe aceptan créditos hipotecarios, trámite SIN COSTODISPONIBILIDAD Y PRECIO SUJETO A CAMBIOS Y/O VARIACIONES SIN PREVIO AVISO*El precio no incluye gastos de escrituración, gastos administrativos e impuestos.Horario de atención para citasLunes a viernes: 10:00 a 14:00 y 16:30 a 18:00Sábados: 10:00 a 14:30Domingos: previa citaMayores informes y citas: Ver datosHAY UN LUGAR ESPERANDO SER TU HOGAR",20.079996211465775,-98.392910957336439
"Casa en Fraccionamiento Cerrado, Cima Dorada Tulancingo",Casa,950000,MXN,43,105,77,1,0,1,2,2,Publicado hace 285 días,venta,",  Tulancingo de Bravo, Hidalgo",https://www.inmuebles24.com/propiedades/clasificado/veclcain-casa-en-fraccionamiento-cerrado-cima-dorada-142131581.html,"El fraccionamiento Cima Dorada cuenta con 2 acceso con caseta de vigilancia, pista para caminatas, área de asadores, cancha de basquetbol y área de juegos para niños.Ubicado a tan solo 5 minutos del centro de la cuidad,a un costado de la zona Arqueológica de Huapalcalco, muy cerca de clínicas médicas, hospitales, escuelas, establecimientos comerciales, central de autobuses, transporte público a una cuadra.La casa cuenta con:Sala-comedor.Cocina con tarja.1 baño completo.2 recámaras amplias.Patio de servicio.Cochera para 1 vehículos.Jardín interior artificial con acceso por sala comedor.AMENIDADES:Cisterna de 3,300 litrosTanque estacionario.Calentador de gas.Tinaco de 1,100 litros.Bomba de agua.Luminarias LED.*TAMBIEN CONTAMOS CON ELMODELO DETRES RECAMARAS POR ELCOSTO DE $980 MIL*Pregunta por la forma de pago.DISPONIBILIDAD Y PRECIO SUJETO A CAMBIOS Y/O VARIACIONES SIN PREVIO AVISO*El precio no incluye gastos de escrituración, gastos administrativos e impuestos.Horario de atención para citasLunes a viernes: 10:00 a 14:00 y 16:30 a 18:00Sábados: 10:00 a 14:30Domingos: previa citaMayores informes y citas: Ver datosHAY UN LUGAR ESPERANDO SER TU HOGAR",20.110183020892357,-98.359737396240248
"Casa Nueva en Privada San Daniel, Tulancingo Hidalgo",Casa,1150000,MXN,25,105,62,1,0,1,2,3,Publicado hace 216 días,venta,",  Fraccionamiento Privada san Daniel, Tulancingo de Bravo",https://www.inmuebles24.com/propiedades/clasificado/veclcain-casa-nueva-en-privada-san-daniel-tulancingo-hidalgo-142803252.html,"CASA EN PRIVADA SAN DANIELCasa ubicada en Privada San Daniel muy cerca de la Unidad Deportiva, excelente ubicación a 10 min del centro de Tulancingo y a 5 min de la central de abastos.La zona cuenta con escuelas públicas y privadas (de educación básica, media, media superior y superior), parques cerca, gasolineras, tiendas de auto servicio, etc...La casa cuenta con:2 recámaras.Sala.Comedor.Cocina.1 baño.Área de lavado.Cochera para un vehículo.Cisterna.Construccion nueva.Pregunta por la forma de pago.DISPONIBILIDAD Y PRECIO SUJETO A CAMBIOS Y/O VARIACIONES SIN PREVIO AVISO*El precio no incluye gastos de escrituración, gastos administrativos e impuestos.Horario de atención para citasLunes a viernes: 10:00 a 14:00 y 16:30 a 18:00Sábados: 10:00 a 14:30Domingos: previa citaMayores informes y citas: Ver datosHAY UN LUGAR ESPERANDO SER TU HOGAR",20.090345299999999,-98.379709099999999
"Casa Nueva Modelo Carmesi, Valle Verde Tulancingo",Casa,868000,MXN,39,61,61,1,1,1,2,1,Publicado hace 37 días,venta,",  Fraccionamiento Valle Verde, Tulancingo de Bravo",https://www.inmuebles24.com/propiedades/clasificado/veclcain-casa-nueva-modelo-carmesi-valle-verde-tulancingo-144373258.html,"Fracc. Residencial Rancho Santa clara se encuentra en Valle Verde, la cual es una zona inigualable, a unos pasos de mega comercial mexicana, plaza patio (centros comerciales, bancos, pizzería, cine, centros de reunión), y a 10 minutos del centro de la ciudad.El Fraccionamiento te ofrece una casa de dos nivelesamplia con las siguientes características:-Planta baja:CocinaSalaComedorMedio bañoEstacionamientoPatio de servicioÁrea de guardado y jardín-Planta Alta:2 Recámaras1 BañoPregunta por la forma de pago.DISPONIBILIDAD Y PRECIO SUJETO A CAMBIOS Y/O VARIACIONES SIN PREVIO AVISO*El precio no incluye gastos de escrituración, gastos administrativos e impuestos.Horario de atención para citasLunes a viernes: 10:00 a 14:00 y 16:30 a 18:00Sábados: 10:00 a 14:30Domingos: previa citaMayores informes y citas: Ver datosHAY UN LUGAR ESPERANDO SER TU HOGAR",20.090480199999998,-98.369092199999997
"Casa en Privada, Tulancingo de Bravo, Residencial Riva Palacio",Casa,3000000,MXN,28,200,170,3,0,1,2,2,Publicado hace más de 1 año,venta,",  La Escondida, Tulancingo de Bravo",https://www.inmuebles24.com/propiedades/clasificado/veclcain-casa-en-privada-tulancingo-de-bravo-residencial-riva-90742672.html,"Casa Residencial en Privada Riva Palacio, en Col. La Escondida.La colonia La Escondida, se encuentra en la zona centro de la Ciudad de Tulancingo Hidalgo, a escasos 5 minutos del primer cuadro de la ciudad, ubicada en una zona tranquila y segura.La colonia cuenta con escuelas públicas y privadas, muy cerca del Colegio Pedro de Gante, cerca del parque infantil el Caracol, iglesia,a 8 minutos del centro Comercial Plaza Patio Tulancingo, donde podrás encontrar el supermercado, cine, office depot, Coppel, peter pizza, Sams, Vips, etc¦.La casa 1 nivel cuenta con:Sala.Comedor.Cocina.1 medio baño.2 recámaras grandes con vestidor.2 baños completos.Garaje para 1 auto.Cuarto de lavado.Amenidades:Tanque estacionario.Cisterna de 10,000 litros.Zaguán automático.Pregunta por la forma de pago.DISPONIBILIDAD Y PRECIO SUJETO A CAMBIOS Y/O VARIACIONES SIN PREVIO AVISO*El precio no incluye gastos de escrituración, gastos administrativos e impuestos.Horario de atención para citasLunes a viernes: 10:00 a 14:00 y 16:30 a 18:00Sábados: 10:00 a 14:30Domingos: previa citaMayores informes y citas: Ver datosHAY UN LUGAR ESPERANDO SER TU HOGAR",20.079633450748332,-98.378791809082031
"Preventa de Casa de 3 Recamaras en Medias Tierras, Tualancingo",Casa,1800000,MXN,30,105,154,1,0,0,3,3,Publicado hace 64 días,venta,",  Plan de Ayala, Tulancingo de Bravo",https://www.inmuebles24.com/propiedades/clasificado/veclcain-preventa-de-casa-de-3-recamaras-en-medias-tierras-144168281.html,"La colonia Medias Tierras, cuenta con todos los servicios de luz, agua, drenaje, cable, internet;es un lugar tranquilo para estar con tu familia. Está a solo 8minutos del centro de la ciudad, a sus alrededores tiene escuelas públicas y privadas de educación básica, preparatoria y universidad de la UAEH, tiendas locales, farmacias, papelerías, tiendas de autoservicio, gasolineras, salones de fiesta, restaurantes, canchas deportivas, transporte público a pie de carretera a Tulancingo, Santiago, Cuautepec.La casa cuenta con:-Planta baja:CocinaComedorMedio bañoÁrea de servicioCochera para dos autos con reja   -Planta alta:3 habitacionesUn baño completoÁrea para vestidor-Amenidades:CisternaEscaleras para roof gardenPregunta por la forma de pago.DISPONIBILIDAD Y PRECIO SUJETO A CAMBIOS Y/O VARIACIONES SIN PREVIO AVISO*El precio no incluye gastos de escrituración, gastos administrativos e impuestos.Horario de atención para citasLunes a viernes: 10:00 a 14:00 y 16:30 a 18:00Sábados: 10:00 a 14:30Domingos: previa citaMayores informes y citas: Ver datosHAY UN LUGAR ESPERANDO SER TU HOGAR",20.090480199999998,-98.369092199999997
Promoción Precio Solo Pago de Contado,Casa,690000,MXN,36,92,60,1,0,1,2,2,Publicado hace 254 días,venta,",  Napateco, Tulancingo de Bravo",https://www.inmuebles24.com/propiedades/clasificado/veclcain-promocion-precio-solo-pago-de-contado-142373569.html,"Casaen venta en Napateco, Fraccionamiento Los Arcos.La colonia cuenta con todos los servicios, en la zona encontrarás tiendas, establecimientos de comida, farmacias, Oxxo, gasolinera, espacios para realizar ejercicio al aire libre, parque para los pequeños de tu hogar, canchas para practicar algún deporte, guarderías, escuelas de nivel básico, universidad a solo 10 minutos de la colonia. El centro de Tulancingo está a solo 15 minutos de Napateco, cuenta con transporte directo a la colonia.La casa de 1 nivel cuenta con:Sala-comedor.Cocina forrada de azulejo y opción poner barra.1 baño completo forrado de azulejo.2 recámaras ampliasPatio de servicio con protección en techo.Cochera para un auto.Amenidades:Construcción tradicional.Cimentación de piedra, para 2do nivel.Ladrillo.Losa maciza.Boiler instantáneo (ahorro un 40% de gas)Se encuentran en construcción, se entregan completamente terminadas.Forma de pago: Solo pagos de contado.DISPONIBILIDAD Y PRECIO SUJETO A CAMBIOS Y/O VARIACIONES SIN PREVIO AVISO*El precio no incluye gastos de escrituración, gastos administrativos e impuestos.Horario de atención para citasLunes a viernes: 10:00 a 14:00 y 16:30 a 18:00Sábados: 10:00 a 14:30Domingos: previa citaMayores informes y citas: Ver datosHAY UN LUGAR ESPERANDO SER TU HOGAR",20.141351138260510,-98.338022232055678
Vendo Bonito Departamento,Departamento,739000,MXN,51,59,1,0,0,0,3,0,Publicado hace 51 días,venta,"BUGAMBILIAS,  Fraccionamiento Luis M. Ponce, Tulancingo de Bravo",https://www.inmuebles24.com/propiedades/clasificado/veclappa-vendo-bonito-departamento-144271114.html,Bonito departamento muy cerca del centro de tizayuca a 2 cuadras de la central de abastos todos los colegios a 3 minutos todos los servicios agua luz drenaje,20.083298700000000,-98.371295900000000
En Venta Departamento,Departamento,740000,MXN,44,59,3,0,0,0,0,30,Publicado hace 44 días,venta,"Calle Luis M. Ponce,  Fraccionamiento Luis M. Ponce, Tulancingo de Bravo",https://www.inmuebles24.com/propiedades/clasificado/veclappa-en-venta-departamento-144304783.html,BONITO DEPARTAMENTO EN VENTA A 10 MIN DEL CENTRO DE TULANCINGO CONTODAS LAS AMENIDADES QUE TE PUEDAS IMAGINAR STODO REMODELADO TOOS LOS SERVICIOS,20.083298700000000,-98.371295900000000
Casa en Privada Cerrada,Casa,6990000,MXN,25,480,460,4,2,0,5,20,Publicado hace 163 días,venta,"Centrica Casa en Calle Matamoros, Tulancingo Hidalgo.,  Felipe Angeles, Tulancingo de Bravo",https://www.inmuebles24.com/propiedades/clasificado/veclcain-casa-en-privada-cerrada-143278025.html,"Casa con amplios espacios en calle privada sobre avenida principal y excelente ubicación, a solo una calle de la antigua Estación del Tren, 480 metros de terreno y 460 metros construidos con 200 metros de jardín, 5 recamaras incluida la recamara de servicio, 6 baños (4 completos y 2 medios baños) acceso principal con amplio vestíbulo que conecta con la sala de doble altura, el comedor, estudio, cocina y escaleras, la casa esta distribuida sobre 4 desniveles y cuenta con accesos independientes para las áreas de servicio, áreas comunes y áreas privadas. La cocina es muy espaciosa e incluye un espacio para despensa y desayunador con vista al jardín, la casa cuenta también con sala de TV, salón de fiestas, bodega, espacio para una oficina privada, un tapanco (estudio) que comunica dos recamaras con acceso a la terraza superior, chimenea, cochera eléctrica para dos autos, cuarto de lavado, patio trasero independiente, cisterna y riego por aspersión.             El mobiliario, el arte, los objetos de decoración, etc. No están incluidos en el PRECIO de VENTA o Renta del inmueble.Incluye muebles empotrados, cocina integral.En este precio publicado de VENTA  No están considerados costos y gastos adicionales de compra, como son el valor de escrituración, costos notariales e impuesto por traslado de dominio, e inscripciones en Registro Público, avalúos fiscales, En caso de adquirir el inmueble con créditos bancarios y/o INFONAVIT, se deberá tomar en cuenta costos por apertura de crédito, avalúos bancarios.Todas las medidas enunciadas son meramente orientativas, las medidas exactas serán las que se expresen en la respectiva escritura publica de cada inmueble. Todas las fotos, imagenes y videos son meramente ilustrativos y no contractuales. Los precios enunciados son meramente orientativos y no contractuales..",20.087245400000000,-98.377378300000003
En Venta Bonito Departamento,Departamento,750000,MXN,22,60,59,1,0,1,3,30,Publicado hace 53 días,venta,"B UGANBILIA,  Fraccionamiento Luis M. Ponce, Tulancingo de Bravo",https://www.inmuebles24.com/propiedades/clasificado/veclappa-en-venta-bonito-departamento-144250742.html,"Se vende bonito deparetamento muy cerca de la central de abastos de tulancingo , a 5 min del centro de la ciudad, cuenta con una buena ubicaciontodo equipado",20.083298700000000,-98.371295900000000
Vendo Departamento,Departamento,741000,MXN,47,59,3,0,0,0,0,30,Publicado hace 47 días,venta,"LUIS M PONCE,  Fraccionamiento Luis M. Ponce, Tulancingo de Bravo",https://www.inmuebles24.com/propiedades/clasificado/veclappa-vendo-departamento-144304843.html,SEVENDE DEPARTAMENTO 3 RECAMARS PLANTA BAJA TINE UN PATIO DE SERVICIOS BASTANTE AMPLI PATIO FRONTAL CON JARDIN CUENTA CON PROTECCIONES Y PUERTAS NUEVAS,20.083298700000000,-98.371295900000000
Venta de Casa a 5 Minutos del Centro de Tulancingo,Casa,1600000,MXN,41,134,124,2,1,0,3,18,Publicado hace 84 días,venta,"Calle Sevilla No 19,  Ex-Hacienda ExquitlAn, Tulancingo de Bravo",https://www.inmuebles24.com/propiedades/clasificado/veclcapa-venta-de-casa-a-5-minutos-del-centro-de-tulancingo-143975096.html,"Bonita casa construida en privada, muy cerca del centro de Tulancingo, la privada se encuentra frente a la UAEH prepa 2 y Universidades, a un paso de centro comercial. Casa de dos pisos, con bonito patío trasero, 2 tinacos para agua, gas estacionario. En perfectas condiciones. Tres recámaras, 2 baños y un baño medio, cocina, cuarto de lavado, sala y comedor amplios. Cuenta con seguridad privada.",20.070075265428230,-98.363507336715940
Casa en Venta Excelente Ubicación,Casa,1500000,MXN,32,1,1,1,0,1,3,1,Publicado hace 63 días,venta,"Prolongacion Luis M Ponce,  Caltengo, Tulancingo de Bravo",https://www.inmuebles24.com/propiedades/clasificado/veclcapa-casa-en-venta-excelente-ubicacion-144173053.html,"La casa cuenta con una excelente ubicación! Cerca escuelas, hospitales, supermercados, a 5 min en coche del centro de la ciudad. Cuenta con 2 plantas, tiene 3 recamaras, cocina, baño, sala comedor, garage para un coche y área de lavado, se encuentra dentro de una privada con portón eléctrico",20.096544700000000,-98.367617700000000
